{
  "_version": 390,
  "_FontManager__default_weight": "normal",
  "default_size": null,
  "defaultFamily": {
    "ttf": "DejaVu Sans",
    "afm": "Helvetica"
  },
  "afmlist": [
    {
      "fname": "fonts/afm/phvb8an.afm",
      "name": "Helvetica",
      "style": "normal",
      "variant": "normal",
      "weight": "bold",
      "stretch": "condensed",
      "size": "scalable",
      "__class__": "FontEntry"
    },
    {
      "fname": "fonts/afm/cmex10.afm",
      "name": "Computer Modern",
      "style": "normal",
      "variant": "normal",
      "weight": "medium",
      "stretch": "normal",
      "size": "scalable",
      "__class__": "FontEntry"
    },
    {
      "fname": "fonts/afm/phvbo8an.afm",
      "name": "Helvetica",
      "style": "italic",
      "variant": "normal",
      "weight": "bold",
      "stretch": "condensed",
      "size": "scalable",
      "__class__": "FontEntry"
    },
    {
      "fname": "fonts/afm/phvr8a.afm",
      "name": "Helvetica",
      "style": "normal",
      "variant": "normal",
      "weight": "medium",
      "stretch": "normal",
      "size": "scalable",
      "__class__": "FontEntry"
    },
    {
      "fname": "fonts/afm/phvlo8a.afm",
      "name": "Helvetica",
      "style": "italic",
      "variant": "normal",
      "weight": "light",
      "stretch": "normal",
      "size": "scalable",
      "__class__": "FontEntry"
    },
    {
      "fname": "fonts/afm/cmtt10.afm",
      "name": "Computer Modern",
      "style": "normal",
      "variant": "normal",
      "weight": "medium",
      "stretch": "normal",
      "size": "scalable",
      "__class__": "FontEntry"
    },
    {
      "fname": "fonts/afm/pplri8a.afm",
      "name": "Palatino",
      "style": "italic",
      "variant": "normal",
      "weight": "medium",
      "stretch": "normal",
      "size": "scalable",
      "__class__": "FontEntry"
    },
    {
      "fname": "fonts/afm/ptmr8a.afm",
      "name": "Times",
      "style": "normal",
      "variant": "normal",
      "weight": "roman",
      "stretch": "normal",
      "size": "scalable",
      "__class__": "FontEntry"
    },
    {
      "fname": "fonts/pdfcorefonts/Helvetica.afm",
      "name": "Helvetica",
      "style": "normal",
      "variant": "normal",
      "weight": "medium",
      "stretch": "normal",
      "size": "scalable",
      "__class__": "FontEntry"
    },
    {
      "fname": "fonts/afm/pncb8a.afm",
      "name": "New Century Schoolbook",
      "style": "normal",
      "variant": "normal",
      "weight": "bold",
      "stretch": "normal",
      "size": "scalable",
      "__class__": "FontEntry"
    },
    {
      "fname": "fonts/afm/putri8a.afm",
      "name": "Utopia",
      "style": "italic",
      "variant": "normal",
      "weight": "regular",
      "stretch": "normal",
      "size": "scalable",
      "__class__": "FontEntry"
    },
    {
      "fname": "fonts/afm/pbkli8a.afm",
      "name": "ITC Bookman",
      "style": "italic",
      "variant": "normal",
      "weight": "light",
      "stretch": "normal",
      "size": "scalable",
      "__class__": "FontEntry"
    },
    {
      "fname": "fonts/afm/phvro8an.afm",
      "name": "Helvetica",
      "style": "italic",
      "variant": "normal",
      "weight": "medium",
      "stretch": "condensed",
      "size": "scalable",
      "__class__": "FontEntry"
    },
    {
      "fname": "fonts/afm/putbi8a.afm",
      "name": "Utopia",
      "style": "italic",
      "variant": "normal",
      "weight": "bold",
      "stretch": "normal",
      "size": "scalable",
      "__class__": "FontEntry"
    },
    {
      "fname": "fonts/afm/pagdo8a.afm",
      "name": "ITC Avant Garde Gothic",
      "style": "italic",
      "variant": "normal",
      "weight": "demi",
      "stretch": "normal",
      "size": "scalable",
      "__class__": "FontEntry"
    },
    {
      "fname": "fonts/pdfcorefonts/Helvetica-Bold.afm",
      "name": "Helvetica",
      "style": "normal",
      "variant": "normal",
      "weight": "bold",
      "stretch": "normal",
      "size": "scalable",
      "__class__": "FontEntry"
    },
    {
      "fname": "fonts/pdfcorefonts/ZapfDingbats.afm",
      "name": "ZapfDingbats",
      "style": "normal",
      "variant": "normal",
      "weight": "medium",
      "stretch": "normal",
      "size": "scalable",
      "__class__": "FontEntry"
    },
    {
      "fname": "fonts/afm/psyr.afm",
      "name": "Symbol",
      "style": "normal",
      "variant": "normal",
      "weight": "medium",
      "stretch": "normal",
      "size": "scalable",
      "__class__": "FontEntry"
    },
    {
      "fname": "fonts/afm/pncbi8a.afm",
      "name": "New Century Schoolbook",
      "style": "italic",
      "variant": "normal",
      "weight": "bold",
      "stretch": "normal",
      "size": "scalable",
      "__class__": "FontEntry"
    },
    {
      "fname": "fonts/pdfcorefonts/Helvetica-BoldOblique.afm",
      "name": "Helvetica",
      "style": "italic",
      "variant": "normal",
      "weight": "bold",
      "stretch": "normal",
      "size": "scalable",
      "__class__": "FontEntry"
    },
    {
      "fname": "fonts/afm/pcrbo8a.afm",
      "name": "Courier",
      "style": "italic",
      "variant": "normal",
      "weight": "bold",
      "stretch": "normal",
      "size": "scalable",
      "__class__": "FontEntry"
    },
    {
      "fname": "fonts/afm/pagd8a.afm",
      "name": "ITC Avant Garde Gothic",
      "style": "normal",
      "variant": "normal",
      "weight": "demi",
      "stretch": "normal",
      "size": "scalable",
      "__class__": "FontEntry"
    },
    {
      "fname": "fonts/afm/phvro8a.afm",
      "name": "Helvetica",
      "style": "italic",
      "variant": "normal",
      "weight": "medium",
      "stretch": "normal",
      "size": "scalable",
      "__class__": "FontEntry"
    },
    {
      "fname": "fonts/afm/cmr10.afm",
      "name": "Computer Modern",
      "style": "normal",
      "variant": "normal",
      "weight": "medium",
      "stretch": "normal",
      "size": "scalable",
      "__class__": "FontEntry"
    },
    {
      "fname": "fonts/pdfcorefonts/Courier.afm",
      "name": "Courier",
      "style": "normal",
      "variant": "normal",
      "weight": "medium",
      "stretch": "normal",
      "size": "scalable",
      "__class__": "FontEntry"
    },
    {
      "fname": "fonts/afm/phvbo8a.afm",
      "name": "Helvetica",
      "style": "italic",
      "variant": "normal",
      "weight": "bold",
      "stretch": "normal",
      "size": "scalable",
      "__class__": "FontEntry"
    },
    {
      "fname": "fonts/pdfcorefonts/Times-Bold.afm",
      "name": "Times",
      "style": "normal",
      "variant": "normal",
      "weight": "bold",
      "stretch": "normal",
      "size": "scalable",
      "__class__": "FontEntry"
    },
    {
      "fname": "fonts/afm/phvr8an.afm",
      "name": "Helvetica",
      "style": "normal",
      "variant": "normal",
      "weight": "medium",
      "stretch": "condensed",
      "size": "scalable",
      "__class__": "FontEntry"
    },
    {
      "fname": "fonts/afm/pzdr.afm",
      "name": "ITC Zapf Dingbats",
      "style": "normal",
      "variant": "normal",
      "weight": "medium",
      "stretch": "normal",
      "size": "scalable",
      "__class__": "FontEntry"
    },
    {
      "fname": "fonts/pdfcorefonts/Symbol.afm",
      "name": "Symbol",
      "style": "normal",
      "variant": "normal",
      "weight": "medium",
      "stretch": "normal",
      "size": "scalable",
      "__class__": "FontEntry"
    },
    {
      "fname": "fonts/afm/putb8a.afm",
      "name": "Utopia",
      "style": "normal",
      "variant": "normal",
      "weight": "bold",
      "stretch": "normal",
      "size": "scalable",
      "__class__": "FontEntry"
    },
    {
      "fname": "fonts/afm/cmsy10.afm",
      "name": "Computer Modern",
      "style": "italic",
      "variant": "normal",
      "weight": "medium",
      "stretch": "normal",
      "size": "scalable",
      "__class__": "FontEntry"
    },
    {
      "fname": "fonts/pdfcorefonts/Times-Roman.afm",
      "name": "Times",
      "style": "normal",
      "variant": "normal",
      "weight": "roman",
      "stretch": "normal",
      "size": "scalable",
      "__class__": "FontEntry"
    },
    {
      "fname": "fonts/pdfcorefonts/Times-BoldItalic.afm",
      "name": "Times",
      "style": "italic",
      "variant": "normal",
      "weight": "bold",
      "stretch": "normal",
      "size": "scalable",
      "__class__": "FontEntry"
    },
    {
      "fname": "fonts/afm/ptmri8a.afm",
      "name": "Times",
      "style": "italic",
      "variant": "normal",
      "weight": "medium",
      "stretch": "normal",
      "size": "scalable",
      "__class__": "FontEntry"
    },
    {
      "fname": "fonts/afm/pbkdi8a.afm",
      "name": "ITC Bookman",
      "style": "italic",
      "variant": "normal",
      "weight": "demi",
      "stretch": "normal",
      "size": "scalable",
      "__class__": "FontEntry"
    },
    {
      "fname": "fonts/pdfcorefonts/Courier-Oblique.afm",
      "name": "Courier",
      "style": "italic",
      "variant": "normal",
      "weight": "medium",
      "stretch": "normal",
      "size": "scalable",
      "__class__": "FontEntry"
    },
    {
      "fname": "fonts/afm/ptmb8a.afm",
      "name": "Times",
      "style": "normal",
      "variant": "normal",
      "weight": "bold",
      "stretch": "normal",
      "size": "scalable",
      "__class__": "FontEntry"
    },
    {
      "fname": "fonts/afm/pcrr8a.afm",
      "name": "Courier",
      "style": "normal",
      "variant": "normal",
      "weight": "medium",
      "stretch": "normal",
      "size": "scalable",
      "__class__": "FontEntry"
    },
    {
      "fname": "fonts/pdfcorefonts/Helvetica-Oblique.afm",
      "name": "Helvetica",
      "style": "italic",
      "variant": "normal",
      "weight": "medium",
      "stretch": "normal",
      "size": "scalable",
      "__class__": "FontEntry"
    },
    {
      "fname": "fonts/pdfcorefonts/Courier-Bold.afm",
      "name": "Courier",
      "style": "normal",
      "variant": "normal",
      "weight": "bold",
      "stretch": "normal",
      "size": "scalable",
      "__class__": "FontEntry"
    },
    {
      "fname": "fonts/afm/pagk8a.afm",
      "name": "ITC Avant Garde Gothic",
      "style": "normal",
      "variant": "normal",
      "weight": "book",
      "stretch": "normal",
      "size": "scalable",
      "__class__": "FontEntry"
    },
    {
      "fname": "fonts/afm/pplb8a.afm",
      "name": "Palatino",
      "style": "normal",
      "variant": "normal",
      "weight": "bold",
      "stretch": "normal",
      "size": "scalable",
      "__class__": "FontEntry"
    },
    {
      "fname": "fonts/pdfcorefonts/Times-Italic.afm",
      "name": "Times",
      "style": "italic",
      "variant": "normal",
      "weight": "medium",
      "stretch": "normal",
      "size": "scalable",
      "__class__": "FontEntry"
    },
    {
      "fname": "fonts/afm/pzcmi8a.afm",
      "name": "ITC Zapf Chancery",
      "style": "italic",
      "variant": "normal",
      "weight": "medium",
      "stretch": "normal",
      "size": "scalable",
      "__class__": "FontEntry"
    },
    {
      "fname": "fonts/afm/putr8a.afm",
      "name": "Utopia",
      "style": "normal",
      "variant": "normal",
      "weight": "regular",
      "stretch": "normal",
      "size": "scalable",
      "__class__": "FontEntry"
    },
    {
      "fname": "fonts/afm/pbkl8a.afm",
      "name": "ITC Bookman",
      "style": "normal",
      "variant": "normal",
      "weight": "light",
      "stretch": "normal",
      "size": "scalable",
      "__class__": "FontEntry"
    },
    {
      "fname": "fonts/afm/pplr8a.afm",
      "name": "Palatino",
      "style": "normal",
      "variant": "normal",
      "weight": "roman",
      "stretch": "normal",
      "size": "scalable",
      "__class__": "FontEntry"
    },
    {
      "fname": "fonts/afm/pagko8a.afm",
      "name": "ITC Avant Garde Gothic",
      "style": "italic",
      "variant": "normal",
      "weight": "book",
      "stretch": "normal",
      "size": "scalable",
      "__class__": "FontEntry"
    },
    {
      "fname": "fonts/afm/pcrb8a.afm",
      "name": "Courier",
      "style": "normal",
      "variant": "normal",
      "weight": "bold",
      "stretch": "normal",
      "size": "scalable",
      "__class__": "FontEntry"
    },
    {
      "fname": "fonts/afm/pncr8a.afm",
      "name": "New Century Schoolbook",
      "style": "normal",
      "variant": "normal",
      "weight": "roman",
      "stretch": "normal",
      "size": "scalable",
      "__class__": "FontEntry"
    },
    {
      "fname": "fonts/afm/pbkd8a.afm",
      "name": "ITC Bookman",
      "style": "normal",
      "variant": "normal",
      "weight": "demi",
      "stretch": "normal",
      "size": "scalable",
      "__class__": "FontEntry"
    },
    {
      "fname": "fonts/afm/cmmi10.afm",
      "name": "Computer Modern",
      "style": "italic",
      "variant": "normal",
      "weight": "medium",
      "stretch": "normal",
      "size": "scalable",
      "__class__": "FontEntry"
    },
    {
      "fname": "fonts/afm/pncri8a.afm",
      "name": "New Century Schoolbook",
      "style": "italic",
      "variant": "normal",
      "weight": "medium",
      "stretch": "normal",
      "size": "scalable",
      "__class__": "FontEntry"
    },
    {
      "fname": "fonts/afm/pplbi8a.afm",
      "name": "Palatino",
      "style": "italic",
      "variant": "normal",
      "weight": "bold",
      "stretch": "normal",
      "size": "scalable",
      "__class__": "FontEntry"
    },
    {
      "fname": "fonts/pdfcorefonts/Courier-BoldOblique.afm",
      "name": "Courier",
      "style": "italic",
      "variant": "normal",
      "weight": "bold",
      "stretch": "normal",
      "size": "scalable",
      "__class__": "FontEntry"
    },
    {
      "fname": "fonts/afm/phvl8a.afm",
      "name": "Helvetica",
      "style": "normal",
      "variant": "normal",
      "weight": "light",
      "stretch": "normal",
      "size": "scalable",
      "__class__": "FontEntry"
    },
    {
      "fname": "fonts/afm/phvb8a.afm",
      "name": "Helvetica",
      "style": "normal",
      "variant": "normal",
      "weight": "bold",
      "stretch": "normal",
      "size": "scalable",
      "__class__": "FontEntry"
    },
    {
      "fname": "fonts/afm/ptmbi8a.afm",
      "name": "Times",
      "style": "italic",
      "variant": "normal",
      "weight": "bold",
      "stretch": "normal",
      "size": "scalable",
      "__class__": "FontEntry"
    },
    {
      "fname": "fonts/afm/pcrro8a.afm",
      "name": "Courier",
      "style": "italic",
      "variant": "normal",
      "weight": "medium",
      "stretch": "normal",
      "size": "scalable",
      "__class__": "FontEntry"
    },
    {
      "fname": "/usr/share/fonts/urw-base35/NimbusRoman-Bold.afm",
      "name": "Nimbus Roman",
      "style": "normal",
      "variant": "normal",
      "weight": "bold",
      "stretch": "normal",
      "size": "scalable",
      "__class__": "FontEntry"
    },
    {
      "fname": "/usr/share/fonts/urw-base35/NimbusSansNarrow-BoldOblique.afm",
      "name": "Nimbus Sans Narrow",
      "style": "italic",
      "variant": "normal",
      "weight": "bold",
      "stretch": "condensed",
      "size": "scalable",
      "__class__": "FontEntry"
    },
    {
      "fname": "/usr/share/fonts/urw-base35/NimbusMonoPS-Regular.afm",
      "name": "Nimbus Mono PS",
      "style": "normal",
      "variant": "normal",
      "weight": "regular",
      "stretch": "normal",
      "size": "scalable",
      "__class__": "FontEntry"
    },
    {
      "fname": "/usr/share/fonts/urw-base35/P052-Roman.afm",
      "name": "P052",
      "style": "normal",
      "variant": "normal",
      "weight": "roman",
      "stretch": "normal",
      "size": "scalable",
      "__class__": "FontEntry"
    },
    {
      "fname": "/usr/share/fonts/urw-base35/C059-Italic.afm",
      "name": "C059",
      "style": "italic",
      "variant": "normal",
      "weight": "roman",
      "stretch": "normal",
      "size": "scalable",
      "__class__": "FontEntry"
    },
    {
      "fname": "/usr/share/fonts/urw-base35/URWGothic-BookOblique.afm",
      "name": "URW Gothic",
      "style": "italic",
      "variant": "normal",
      "weight": "book",
      "stretch": "normal",
      "size": "scalable",
      "__class__": "FontEntry"
    },
    {
      "fname": "/usr/share/fonts/urw-base35/URWGothic-Demi.afm",
      "name": "URW Gothic",
      "style": "normal",
      "variant": "normal",
      "weight": "demi",
      "stretch": "normal",
      "size": "scalable",
      "__class__": "FontEntry"
    },
    {
      "fname": "/usr/share/fonts/urw-base35/NimbusSansNarrow-Bold.afm",
      "name": "Nimbus Sans Narrow",
      "style": "normal",
      "variant": "normal",
      "weight": "bold",
      "stretch": "condensed",
      "size": "scalable",
      "__class__": "FontEntry"
    },
    {
      "fname": "/usr/share/fonts/urw-base35/URWBookman-Light.afm",
      "name": "URW Bookman",
      "style": "normal",
      "variant": "normal",
      "weight": "light",
      "stretch": "normal",
      "size": "scalable",
      "__class__": "FontEntry"
    },
    {
      "fname": "/usr/share/fonts/urw-base35/P052-BoldItalic.afm",
      "name": "P052",
      "style": "italic",
      "variant": "normal",
      "weight": "bold",
      "stretch": "normal",
      "size": "scalable",
      "__class__": "FontEntry"
    },
    {
      "fname": "/usr/share/fonts/urw-base35/C059-Bold.afm",
      "name": "C059",
      "style": "normal",
      "variant": "normal",
      "weight": "bold",
      "stretch": "normal",
      "size": "scalable",
      "__class__": "FontEntry"
    },
    {
      "fname": "/usr/share/fonts/urw-base35/NimbusSans-Bold.afm",
      "name": "Nimbus Sans",
      "style": "normal",
      "variant": "normal",
      "weight": "bold",
      "stretch": "normal",
      "size": "scalable",
      "__class__": "FontEntry"
    },
    {
      "fname": "/usr/share/fonts/urw-base35/NimbusRoman-Regular.afm",
      "name": "Nimbus Roman",
      "style": "normal",
      "variant": "normal",
      "weight": "regular",
      "stretch": "normal",
      "size": "scalable",
      "__class__": "FontEntry"
    },
    {
      "fname": "/usr/share/fonts/urw-base35/D050000L.afm",
      "name": "D050000L",
      "style": "normal",
      "variant": "normal",
      "weight": "regular",
      "stretch": "normal",
      "size": "scalable",
      "__class__": "FontEntry"
    },
    {
      "fname": "/usr/share/fonts/urw-base35/P052-Bold.afm",
      "name": "P052",
      "style": "normal",
      "variant": "normal",
      "weight": "bold",
      "stretch": "normal",
      "size": "scalable",
      "__class__": "FontEntry"
    },
    {
      "fname": "/usr/share/fonts/urw-base35/P052-Italic.afm",
      "name": "P052",
      "style": "italic",
      "variant": "normal",
      "weight": "regular",
      "stretch": "normal",
      "size": "scalable",
      "__class__": "FontEntry"
    },
    {
      "fname": "/usr/share/fonts/urw-base35/NimbusRoman-BoldItalic.afm",
      "name": "Nimbus Roman",
      "style": "italic",
      "variant": "normal",
      "weight": "bold",
      "stretch": "normal",
      "size": "scalable",
      "__class__": "FontEntry"
    },
    {
      "fname": "/usr/share/fonts/urw-base35/URWGothic-Book.afm",
      "name": "URW Gothic",
      "style": "normal",
      "variant": "normal",
      "weight": "book",
      "stretch": "normal",
      "size": "scalable",
      "__class__": "FontEntry"
    },
    {
      "fname": "/usr/share/fonts/urw-base35/NimbusMonoPS-Italic.afm",
      "name": "Nimbus Mono PS",
      "style": "italic",
      "variant": "normal",
      "weight": "regular",
      "stretch": "normal",
      "size": "scalable",
      "__class__": "FontEntry"
    },
    {
      "fname": "/usr/share/fonts/urw-base35/StandardSymbolsPS.afm",
      "name": "Standard Symbols PS",
      "style": "normal",
      "variant": "normal",
      "weight": "regular",
      "stretch": "normal",
      "size": "scalable",
      "__class__": "FontEntry"
    },
    {
      "fname": "/usr/share/fonts/urw-base35/URWBookman-LightItalic.afm",
      "name": "URW Bookman",
      "style": "italic",
      "variant": "normal",
      "weight": "light",
      "stretch": "normal",
      "size": "scalable",
      "__class__": "FontEntry"
    },
    {
      "fname": "/usr/share/fonts/urw-base35/NimbusMonoPS-BoldItalic.afm",
      "name": "Nimbus Mono PS",
      "style": "italic",
      "variant": "normal",
      "weight": "bold",
      "stretch": "normal",
      "size": "scalable",
      "__class__": "FontEntry"
    },
    {
      "fname": "/usr/share/fonts/urw-base35/C059-BdIta.afm",
      "name": "C059",
      "style": "italic",
      "variant": "normal",
      "weight": "bold",
      "stretch": "normal",
      "size": "scalable",
      "__class__": "FontEntry"
    },
    {
      "fname": "/usr/share/fonts/urw-base35/NimbusSans-BoldItalic.afm",
      "name": "Nimbus Sans",
      "style": "italic",
      "variant": "normal",
      "weight": "bold",
      "stretch": "normal",
      "size": "scalable",
      "__class__": "FontEntry"
    },
    {
      "fname": "/usr/share/fonts/urw-base35/NimbusMonoPS-Bold.afm",
      "name": "Nimbus Mono PS",
      "style": "normal",
      "variant": "normal",
      "weight": "bold",
      "stretch": "normal",
      "size": "scalable",
      "__class__": "FontEntry"
    },
    {
      "fname": "/usr/share/fonts/urw-base35/URWBookman-DemiItalic.afm",
      "name": "URW Bookman",
      "style": "italic",
      "variant": "normal",
      "weight": "demi",
      "stretch": "normal",
      "size": "scalable",
      "__class__": "FontEntry"
    },
    {
      "fname": "/usr/share/fonts/urw-base35/C059-Roman.afm",
      "name": "C059",
      "style": "normal",
      "variant": "normal",
      "weight": "roman",
      "stretch": "normal",
      "size": "scalable",
      "__class__": "FontEntry"
    },
    {
      "fname": "/usr/share/fonts/urw-base35/NimbusSansNarrow-Oblique.afm",
      "name": "Nimbus Sans Narrow",
      "style": "italic",
      "variant": "normal",
      "weight": "regular",
      "stretch": "condensed",
      "size": "scalable",
      "__class__": "FontEntry"
    },
    {
      "fname": "/usr/share/fonts/urw-base35/NimbusSans-Italic.afm",
      "name": "Nimbus Sans",
      "style": "italic",
      "variant": "normal",
      "weight": "regular",
      "stretch": "normal",
      "size": "scalable",
      "__class__": "FontEntry"
    },
    {
      "fname": "/usr/share/fonts/urw-base35/NimbusRoman-Italic.afm",
      "name": "Nimbus Roman",
      "style": "italic",
      "variant": "normal",
      "weight": "regular",
      "stretch": "normal",
      "size": "scalable",
      "__class__": "FontEntry"
    },
    {
      "fname": "/usr/share/fonts/urw-base35/NimbusSansNarrow-Regular.afm",
      "name": "Nimbus Sans Narrow",
      "style": "normal",
      "variant": "normal",
      "weight": "regular",
      "stretch": "condensed",
      "size": "scalable",
      "__class__": "FontEntry"
    },
    {
      "fname": "/usr/share/fonts/urw-base35/URWBookman-Demi.afm",
      "name": "URW Bookman",
      "style": "normal",
      "variant": "normal",
      "weight": "demi",
      "stretch": "normal",
      "size": "scalable",
      "__class__": "FontEntry"
    },
    {
      "fname": "/usr/share/fonts/urw-base35/URWGothic-DemiOblique.afm",
      "name": "URW Gothic",
      "style": "italic",
      "variant": "normal",
      "weight": "demi",
      "stretch": "normal",
      "size": "scalable",
      "__class__": "FontEntry"
    },
    {
      "fname": "/usr/share/fonts/urw-base35/NimbusSans-Regular.afm",
      "name": "Nimbus Sans",
      "style": "normal",
      "variant": "normal",
      "weight": "regular",
      "stretch": "normal",
      "size": "scalable",
      "__class__": "FontEntry"
    },
    {
      "fname": "/usr/share/fonts/urw-base35/Z003-MediumItalic.afm",
      "name": "Z003",
      "style": "italic",
      "variant": "normal",
      "weight": "medium",
      "stretch": "normal",
      "size": "scalable",
      "__class__": "FontEntry"
    }
  ],
  "ttflist": [
    {
      "fname": "fonts/ttf/cmtt10.ttf",
      "name": "cmtt10",
      "style": "normal",
      "variant": "normal",
      "weight": 400,
      "stretch": "normal",
      "size": "scalable",
      "__class__": "FontEntry"
    },
    {
      "fname": "fonts/ttf/cmr10.ttf",
      "name": "cmr10",
      "style": "normal",
      "variant": "normal",
      "weight": 400,
      "stretch": "normal",
      "size": "scalable",
      "__class__": "FontEntry"
    },
    {
      "fname": "fonts/ttf/STIXSizThreeSymBol.ttf",
      "name": "STIXSizeThreeSym",
      "style": "normal",
      "variant": "normal",
      "weight": 700,
      "stretch": "normal",
      "size": "scalable",
      "__class__": "FontEntry"
    },
    {
      "fname": "fonts/ttf/STIXSizOneSymReg.ttf",
      "name": "STIXSizeOneSym",
      "style": "normal",
      "variant": "normal",
      "weight": 400,
      "stretch": "normal",
      "size": "scalable",
      "__class__": "FontEntry"
    },
    {
      "fname": "fonts/ttf/STIXGeneralItalic.ttf",
      "name": "STIXGeneral",
      "style": "italic",
      "variant": "normal",
      "weight": 400,
      "stretch": "normal",
      "size": "scalable",
      "__class__": "FontEntry"
    },
    {
      "fname": "fonts/ttf/DejaVuSansMono-BoldOblique.ttf",
      "name": "DejaVu Sans Mono",
      "style": "oblique",
      "variant": "normal",
      "weight": 700,
      "stretch": "normal",
      "size": "scalable",
      "__class__": "FontEntry"
    },
    {
      "fname": "fonts/ttf/STIXSizOneSymBol.ttf",
      "name": "STIXSizeOneSym",
      "style": "normal",
      "variant": "normal",
      "weight": 700,
      "stretch": "normal",
      "size": "scalable",
      "__class__": "FontEntry"
    },
    {
      "fname": "fonts/ttf/STIXNonUniIta.ttf",
      "name": "STIXNonUnicode",
      "style": "italic",
      "variant": "normal",
      "weight": 400,
      "stretch": "normal",
      "size": "scalable",
      "__class__": "FontEntry"
    },
    {
      "fname": "fonts/ttf/STIXSizTwoSymBol.ttf",
      "name": "STIXSizeTwoSym",
      "style": "normal",
      "variant": "normal",
      "weight": 700,
      "stretch": "normal",
      "size": "scalable",
      "__class__": "FontEntry"
    },
    {
      "fname": "fonts/ttf/DejaVuSans-Oblique.ttf",
      "name": "DejaVu Sans",
      "style": "oblique",
      "variant": "normal",
      "weight": 400,
      "stretch": "normal",
      "size": "scalable",
      "__class__": "FontEntry"
    },
    {
      "fname": "fonts/ttf/cmss10.ttf",
      "name": "cmss10",
      "style": "normal",
      "variant": "normal",
      "weight": 400,
      "stretch": "normal",
      "size": "scalable",
      "__class__": "FontEntry"
    },
    {
      "fname": "fonts/ttf/DejaVuSansDisplay.ttf",
      "name": "DejaVu Sans Display",
      "style": "normal",
      "variant": "normal",
      "weight": 400,
      "stretch": "normal",
      "size": "scalable",
      "__class__": "FontEntry"
    },
    {
      "fname": "fonts/ttf/DejaVuSans.ttf",
      "name": "DejaVu Sans",
      "style": "normal",
      "variant": "normal",
      "weight": 400,
      "stretch": "normal",
      "size": "scalable",
      "__class__": "FontEntry"
    },
    {
      "fname": "fonts/ttf/cmb10.ttf",
      "name": "cmb10",
      "style": "normal",
      "variant": "normal",
      "weight": 400,
      "stretch": "normal",
      "size": "scalable",
      "__class__": "FontEntry"
    },
    {
      "fname": "fonts/ttf/DejaVuSansMono-Bold.ttf",
      "name": "DejaVu Sans Mono",
      "style": "normal",
      "variant": "normal",
      "weight": 700,
      "stretch": "normal",
      "size": "scalable",
      "__class__": "FontEntry"
    },
    {
      "fname": "fonts/ttf/STIXSizFiveSymReg.ttf",
      "name": "STIXSizeFiveSym",
      "style": "normal",
      "variant": "normal",
      "weight": 400,
      "stretch": "normal",
      "size": "scalable",
      "__class__": "FontEntry"
    },
    {
      "fname": "fonts/ttf/STIXGeneralBol.ttf",
      "name": "STIXGeneral",
      "style": "normal",
      "variant": "normal",
      "weight": 700,
      "stretch": "normal",
      "size": "scalable",
      "__class__": "FontEntry"
    },
    {
      "fname": "fonts/ttf/DejaVuSerifDisplay.ttf",
      "name": "DejaVu Serif Display",
      "style": "normal",
      "variant": "normal",
      "weight": 400,
      "stretch": "normal",
      "size": "scalable",
      "__class__": "FontEntry"
    },
    {
      "fname": "fonts/ttf/STIXNonUni.ttf",
      "name": "STIXNonUnicode",
      "style": "normal",
      "variant": "normal",
      "weight": 400,
      "stretch": "normal",
      "size": "scalable",
      "__class__": "FontEntry"
    },
    {
      "fname": "fonts/ttf/DejaVuSansMono.ttf",
      "name": "DejaVu Sans Mono",
      "style": "normal",
      "variant": "normal",
      "weight": 400,
      "stretch": "normal",
      "size": "scalable",
      "__class__": "FontEntry"
    },
    {
      "fname": "fonts/ttf/DejaVuSans-Bold.ttf",
      "name": "DejaVu Sans",
      "style": "normal",
      "variant": "normal",
      "weight": 700,
      "stretch": "normal",
      "size": "scalable",
      "__class__": "FontEntry"
    },
    {
      "fname": "fonts/ttf/cmmi10.ttf",
      "name": "cmmi10",
      "style": "normal",
      "variant": "normal",
      "weight": 400,
      "stretch": "normal",
      "size": "scalable",
      "__class__": "FontEntry"
    },
    {
      "fname": "fonts/ttf/STIXSizTwoSymReg.ttf",
      "name": "STIXSizeTwoSym",
      "style": "normal",
      "variant": "normal",
      "weight": 400,
      "stretch": "normal",
      "size": "scalable",
      "__class__": "FontEntry"
    },
    {
      "fname": "fonts/ttf/DejaVuSansMono-Oblique.ttf",
      "name": "DejaVu Sans Mono",
      "style": "oblique",
      "variant": "normal",
      "weight": 400,
      "stretch": "normal",
      "size": "scalable",
      "__class__": "FontEntry"
    },
    {
      "fname": "fonts/ttf/cmex10.ttf",
      "name": "cmex10",
      "style": "normal",
      "variant": "normal",
      "weight": 400,
      "stretch": "normal",
      "size": "scalable",
      "__class__": "FontEntry"
    },
    {
      "fname": "fonts/ttf/STIXGeneral.ttf",
      "name": "STIXGeneral",
      "style": "normal",
      "variant": "normal",
      "weight": 400,
      "stretch": "normal",
      "size": "scalable",
      "__class__": "FontEntry"
    },
    {
      "fname": "fonts/ttf/DejaVuSans-BoldOblique.ttf",
      "name": "DejaVu Sans",
      "style": "oblique",
      "variant": "normal",
      "weight": 700,
      "stretch": "normal",
      "size": "scalable",
      "__class__": "FontEntry"
    },
    {
      "fname": "fonts/ttf/STIXSizFourSymBol.ttf",
      "name": "STIXSizeFourSym",
      "style": "normal",
      "variant": "normal",
      "weight": 700,
      "stretch": "normal",
      "size": "scalable",
      "__class__": "FontEntry"
    },
    {
      "fname": "fonts/ttf/DejaVuSerif-Bold.ttf",
      "name": "DejaVu Serif",
      "style": "normal",
      "variant": "normal",
      "weight": 700,
      "stretch": "normal",
      "size": "scalable",
      "__class__": "FontEntry"
    },
    {
      "fname": "fonts/ttf/DejaVuSerif.ttf",
      "name": "DejaVu Serif",
      "style": "normal",
      "variant": "normal",
      "weight": 400,
      "stretch": "normal",
      "size": "scalable",
      "__class__": "FontEntry"
    },
    {
      "fname": "fonts/ttf/DejaVuSerif-BoldItalic.ttf",
      "name": "DejaVu Serif",
      "style": "italic",
      "variant": "normal",
      "weight": 700,
      "stretch": "normal",
      "size": "scalable",
      "__class__": "FontEntry"
    },
    {
      "fname": "fonts/ttf/STIXGeneralBolIta.ttf",
      "name": "STIXGeneral",
      "style": "italic",
      "variant": "normal",
      "weight": 700,
      "stretch": "normal",
      "size": "scalable",
      "__class__": "FontEntry"
    },
    {
      "fname": "fonts/ttf/STIXSizThreeSymReg.ttf",
      "name": "STIXSizeThreeSym",
      "style": "normal",
      "variant": "normal",
      "weight": 400,
      "stretch": "normal",
      "size": "scalable",
      "__class__": "FontEntry"
    },
    {
      "fname": "fonts/ttf/STIXNonUniBol.ttf",
      "name": "STIXNonUnicode",
      "style": "normal",
      "variant": "normal",
      "weight": 700,
      "stretch": "normal",
      "size": "scalable",
      "__class__": "FontEntry"
    },
    {
      "fname": "fonts/ttf/cmsy10.ttf",
      "name": "cmsy10",
      "style": "normal",
      "variant": "normal",
      "weight": 400,
      "stretch": "normal",
      "size": "scalable",
      "__class__": "FontEntry"
    },
    {
      "fname": "fonts/ttf/DejaVuSerif-Italic.ttf",
      "name": "DejaVu Serif",
      "style": "italic",
      "variant": "normal",
      "weight": 400,
      "stretch": "normal",
      "size": "scalable",
      "__class__": "FontEntry"
    },
    {
      "fname": "fonts/ttf/STIXSizFourSymReg.ttf",
      "name": "STIXSizeFourSym",
      "style": "normal",
      "variant": "normal",
      "weight": 400,
      "stretch": "normal",
      "size": "scalable",
      "__class__": "FontEntry"
    },
    {
      "fname": "fonts/ttf/STIXNonUniBolIta.ttf",
      "name": "STIXNonUnicode",
      "style": "italic",
      "variant": "normal",
      "weight": 700,
      "stretch": "normal",
      "size": "scalable",
      "__class__": "FontEntry"
    },
    {
      "fname": "/usr/share/fonts/google-noto-cjk/NotoSansCJK-Medium.ttc",
      "name": "Noto Sans CJK JP",
      "style": "normal",
      "variant": "normal",
      "weight": 500,
      "stretch": "normal",
      "size": "scalable",
      "__class__": "FontEntry"
    },
    {
      "fname": "/usr/share/fonts/dejavu-sans-mono-fonts/DejaVuSansMono-Bold.ttf",
      "name": "DejaVu Sans Mono",
      "style": "normal",
      "variant": "normal",
      "weight": 700,
      "stretch": "normal",
      "size": "scalable",
      "__class__": "FontEntry"
    },
    {
      "fname": "/usr/share/fonts/sil-nuosu/NuosuSIL-Regular.ttf",
      "name": "Nuosu SIL",
      "style": "normal",
      "variant": "normal",
      "weight": 400,
      "stretch": "normal",
      "size": "scalable",
      "__class__": "FontEntry"
    },
    {
      "fname": "/usr/share/fonts/google-noto-cjk/NotoSansCJK-Light.ttc",
      "name": "Noto Sans CJK JP",
      "style": "normal",
      "variant": "normal",
      "weight": 300,
      "stretch": "normal",
      "size": "scalable",
      "__class__": "FontEntry"
    },
    {
      "fname": "/usr/share/fonts/google-noto-cjk/NotoSansCJK-Regular.ttc",
      "name": "Noto Sans CJK JP",
      "style": "normal",
      "variant": "normal",
      "weight": 400,
      "stretch": "normal",
      "size": "scalable",
      "__class__": "FontEntry"
    },
    {
      "fname": "/usr/share/fonts/dejavu-serif-fonts/DejaVuSerif-Bold.ttf",
      "name": "DejaVu Serif",
      "style": "normal",
      "variant": "normal",
      "weight": 700,
      "stretch": "normal",
      "size": "scalable",
      "__class__": "FontEntry"
    },
    {
      "fname": "/usr/share/fonts/google-noto/NotoSansGurmukhi-SemiCondensedLight.ttf",
      "name": "Noto Sans Gurmukhi",
      "style": "normal",
      "variant": "normal",
      "weight": 300,
      "stretch": "condensed",
      "size": "scalable",
      "__class__": "FontEntry"
    },
    {
      "fname": "/usr/share/fonts/urw-base35/NimbusRoman-Italic.otf",
      "name": "Nimbus Roman",
      "style": "italic",
      "variant": "normal",
      "weight": 400,
      "stretch": "normal",
      "size": "scalable",
      "__class__": "FontEntry"
    },
    {
      "fname": "/usr/share/fonts/google-noto/NotoSansGurmukhi-CondensedSemiBold.ttf",
      "name": "Noto Sans Gurmukhi",
      "style": "normal",
      "variant": "normal",
      "weight": 600,
      "stretch": "condensed",
      "size": "scalable",
      "__class__": "FontEntry"
    },
    {
      "fname": "/usr/share/fonts/lohit-kannada/Lohit-Kannada.ttf",
      "name": "Lohit Kannada",
      "style": "normal",
      "variant": "normal",
      "weight": 400,
      "stretch": "normal",
      "size": "scalable",
      "__class__": "FontEntry"
    },
    {
      "fname": "/usr/share/fonts/sil-padauk/Padauk-Bold.ttf",
      "name": "Padauk",
      "style": "normal",
      "variant": "normal",
      "weight": 700,
      "stretch": "normal",
      "size": "scalable",
      "__class__": "FontEntry"
    },
    {
      "fname": "/usr/share/fonts/urw-base35/NimbusSansNarrow-Bold.otf",
      "name": "Nimbus Sans Narrow",
      "style": "normal",
      "variant": "normal",
      "weight": 700,
      "stretch": "condensed",
      "size": "scalable",
      "__class__": "FontEntry"
    },
    {
      "fname": "/usr/share/fonts/google-noto/NotoSansGurmukhi-SemiCondensedExtraLight.ttf",
      "name": "Noto Sans Gurmukhi",
      "style": "normal",
      "variant": "normal",
      "weight": 200,
      "stretch": "condensed",
      "size": "scalable",
      "__class__": "FontEntry"
    },
    {
      "fname": "/usr/share/fonts/cantarell/Cantarell-Thin.otf",
      "name": "Cantarell",
      "style": "normal",
      "variant": "normal",
      "weight": 100,
      "stretch": "normal",
      "size": "scalable",
      "__class__": "FontEntry"
    },
    {
      "fname": "/usr/share/fonts/dejavu-sans-mono-fonts/DejaVuSansMono-Oblique.ttf",
      "name": "DejaVu Sans Mono",
      "style": "oblique",
      "variant": "normal",
      "weight": 400,
      "stretch": "normal",
      "size": "scalable",
      "__class__": "FontEntry"
    },
    {
      "fname": "/usr/share/fonts/google-droid-sans-fonts/DroidSansDevanagari-Regular.ttf",
      "name": "Droid Sans Devanagari",
      "style": "normal",
      "variant": "normal",
      "weight": 400,
      "stretch": "normal",
      "size": "scalable",
      "__class__": "FontEntry"
    },
    {
      "fname": "/usr/share/fonts/dejavu-sans-fonts/DejaVuSansCondensed-BoldOblique.ttf",
      "name": "DejaVu Sans",
      "style": "oblique",
      "variant": "normal",
      "weight": 700,
      "stretch": "condensed",
      "size": "scalable",
      "__class__": "FontEntry"
    },
    {
      "fname": "/usr/share/fonts/dejavu-serif-fonts/DejaVuSerif-BoldItalic.ttf",
      "name": "DejaVu Serif",
      "style": "italic",
      "variant": "normal",
      "weight": 700,
      "stretch": "normal",
      "size": "scalable",
      "__class__": "FontEntry"
    },
    {
      "fname": "/usr/share/fonts/google-droid-sans-fonts/DroidSansTamil-Bold.ttf",
      "name": "Droid Sans Tamil",
      "style": "normal",
      "variant": "normal",
      "weight": 700,
      "stretch": "normal",
      "size": "scalable",
      "__class__": "FontEntry"
    },
    {
      "fname": "/usr/share/fonts/adobe-source-code-pro/SourceCodePro-It.otf",
      "name": "Source Code Pro",
      "style": "italic",
      "variant": "normal",
      "weight": 400,
      "stretch": "normal",
      "size": "scalable",
      "__class__": "FontEntry"
    },
    {
      "fname": "/usr/share/fonts/google-noto/NotoSansGurmukhi-Light.ttf",
      "name": "Noto Sans Gurmukhi",
      "style": "normal",
      "variant": "normal",
      "weight": 300,
      "stretch": "normal",
      "size": "scalable",
      "__class__": "FontEntry"
    },
    {
      "fname": "/usr/share/fonts/google-noto-cjk/NotoSerifCJK-Light.ttc",
      "name": "Noto Serif CJK JP",
      "style": "normal",
      "variant": "normal",
      "weight": 300,
      "stretch": "normal",
      "size": "scalable",
      "__class__": "FontEntry"
    },
    {
      "fname": "/usr/share/fonts/urw-base35/URWBookman-LightItalic.otf",
      "name": "URW Bookman",
      "style": "italic",
      "variant": "normal",
      "weight": 300,
      "stretch": "normal",
      "size": "scalable",
      "__class__": "FontEntry"
    },
    {
      "fname": "/usr/share/fonts/google-droid-sans-fonts/DroidSansEthiopic-Bold.ttf",
      "name": "Droid Sans Ethiopic",
      "style": "normal",
      "variant": "normal",
      "weight": 700,
      "stretch": "normal",
      "size": "scalable",
      "__class__": "FontEntry"
    },
    {
      "fname": "/usr/share/fonts/urw-base35/C059-Italic.otf",
      "name": "C059",
      "style": "italic",
      "variant": "normal",
      "weight": 400,
      "stretch": "normal",
      "size": "scalable",
      "__class__": "FontEntry"
    },
    {
      "fname": "/usr/share/fonts/cantarell/Cantarell-ExtraBold.otf",
      "name": "Cantarell",
      "style": "normal",
      "variant": "normal",
      "weight": 800,
      "stretch": "normal",
      "size": "scalable",
      "__class__": "FontEntry"
    },
    {
      "fname": "/usr/share/fonts/google-noto/NotoSansGurmukhi-ExtraCondensed.ttf",
      "name": "Noto Sans Gurmukhi",
      "style": "normal",
      "variant": "normal",
      "weight": 400,
      "stretch": "condensed",
      "size": "scalable",
      "__class__": "FontEntry"
    },
    {
      "fname": "/usr/share/fonts/adobe-source-code-pro/SourceCodePro-Black.otf",
      "name": "Source Code Pro",
      "style": "normal",
      "variant": "normal",
      "weight": 900,
      "stretch": "normal",
      "size": "scalable",
      "__class__": "FontEntry"
    },
    {
      "fname": "/usr/share/fonts/stix-fonts/STIX2Text-BoldItalic.otf",
      "name": "STIX Two Text",
      "style": "italic",
      "variant": "normal",
      "weight": 700,
      "stretch": "normal",
      "size": "scalable",
      "__class__": "FontEntry"
    },
    {
      "fname": "/usr/share/fonts/pt-sans-fonts/PTS75F.ttf",
      "name": "PT Sans",
      "style": "normal",
      "variant": "normal",
      "weight": 700,
      "stretch": "normal",
      "size": "scalable",
      "__class__": "FontEntry"
    },
    {
      "fname": "/usr/share/fonts/adobe-source-code-pro/SourceCodePro-Medium.otf",
      "name": "Source Code Pro",
      "style": "normal",
      "variant": "normal",
      "weight": 500,
      "stretch": "normal",
      "size": "scalable",
      "__class__": "FontEntry"
    },
    {
      "fname": "/usr/share/fonts/dejavu-sans-fonts/DejaVuSansCondensed-Bold.ttf",
      "name": "DejaVu Sans",
      "style": "normal",
      "variant": "normal",
      "weight": 700,
      "stretch": "condensed",
      "size": "scalable",
      "__class__": "FontEntry"
    },
    {
      "fname": "/usr/share/fonts/adobe-source-code-pro/SourceCodePro-ExtraLightIt.otf",
      "name": "Source Code Pro",
      "style": "italic",
      "variant": "normal",
      "weight": 200,
      "stretch": "normal",
      "size": "scalable",
      "__class__": "FontEntry"
    },
    {
      "fname": "/usr/share/fonts/google-noto/NotoSansGurmukhi-Condensed.ttf",
      "name": "Noto Sans Gurmukhi",
      "style": "normal",
      "variant": "normal",
      "weight": 400,
      "stretch": "condensed",
      "size": "scalable",
      "__class__": "FontEntry"
    },
    {
      "fname": "/usr/share/fonts/pt-sans-fonts/PTN77F.ttf",
      "name": "PT Sans Narrow",
      "style": "normal",
      "variant": "normal",
      "weight": 700,
      "stretch": "condensed",
      "size": "scalable",
      "__class__": "FontEntry"
    },
    {
      "fname": "/usr/share/fonts/urw-base35/Z003-MediumItalic.otf",
      "name": "Z003",
      "style": "italic",
      "variant": "normal",
      "weight": 500,
      "stretch": "normal",
      "size": "scalable",
      "__class__": "FontEntry"
    },
    {
      "fname": "/usr/share/fonts/sil-padauk/Padauk-Regular.ttf",
      "name": "Padauk",
      "style": "normal",
      "variant": "normal",
      "weight": 400,
      "stretch": "normal",
      "size": "scalable",
      "__class__": "FontEntry"
    },
    {
      "fname": "/usr/share/fonts/google-droid-sans-fonts/DroidSansTamil-Regular.ttf",
      "name": "Droid Sans Tamil",
      "style": "normal",
      "variant": "normal",
      "weight": 400,
      "stretch": "normal",
      "size": "scalable",
      "__class__": "FontEntry"
    },
    {
      "fname": "/usr/share/fonts/sil-abyssinica-fonts/AbyssinicaSIL-R.ttf",
      "name": "Abyssinica SIL",
      "style": "normal",
      "variant": "normal",
      "weight": 400,
      "stretch": "normal",
      "size": "scalable",
      "__class__": "FontEntry"
    },
    {
      "fname": "/usr/share/fonts/julietaula-montserrat/Montserrat-BlackItalic.otf",
      "name": "Montserrat",
      "style": "italic",
      "variant": "normal",
      "weight": 900,
      "stretch": "normal",
      "size": "scalable",
      "__class__": "FontEntry"
    },
    {
      "fname": "/usr/share/fonts/urw-base35/NimbusMonoPS-Italic.otf",
      "name": "Nimbus Mono PS",
      "style": "italic",
      "variant": "normal",
      "weight": 400,
      "stretch": "normal",
      "size": "scalable",
      "__class__": "FontEntry"
    },
    {
      "fname": "/usr/share/fonts/urw-base35/NimbusSansNarrow-BoldOblique.otf",
      "name": "Nimbus Sans Narrow",
      "style": "oblique",
      "variant": "normal",
      "weight": 700,
      "stretch": "condensed",
      "size": "scalable",
      "__class__": "FontEntry"
    },
    {
      "fname": "/usr/share/fonts/google-droid-sans-fonts/DroidSansHebrew-Bold.ttf",
      "name": "Droid Sans Hebrew",
      "style": "normal",
      "variant": "normal",
      "weight": 600,
      "stretch": "normal",
      "size": "scalable",
      "__class__": "FontEntry"
    },
    {
      "fname": "/usr/share/fonts/urw-base35/P052-Italic.otf",
      "name": "P052",
      "style": "italic",
      "variant": "normal",
      "weight": 400,
      "stretch": "normal",
      "size": "scalable",
      "__class__": "FontEntry"
    },
    {
      "fname": "/usr/share/fonts/liberation-sans/LiberationSans-Bold.ttf",
      "name": "Liberation Sans",
      "style": "normal",
      "variant": "normal",
      "weight": 700,
      "stretch": "normal",
      "size": "scalable",
      "__class__": "FontEntry"
    },
    {
      "fname": "/usr/share/fonts/dejavu-serif-fonts/DejaVuSerifCondensed-Bold.ttf",
      "name": "DejaVu Serif",
      "style": "normal",
      "variant": "normal",
      "weight": 700,
      "stretch": "condensed",
      "size": "scalable",
      "__class__": "FontEntry"
    },
    {
      "fname": "/usr/share/fonts/google-noto/NotoSansGurmukhi-Black.ttf",
      "name": "Noto Sans Gurmukhi",
      "style": "normal",
      "variant": "normal",
      "weight": 900,
      "stretch": "normal",
      "size": "scalable",
      "__class__": "FontEntry"
    },
    {
      "fname": "/usr/share/fonts/google-droid-sans-fonts/DroidSansHebrew-Regular.ttf",
      "name": "Droid Sans Hebrew",
      "style": "normal",
      "variant": "normal",
      "weight": 400,
      "stretch": "normal",
      "size": "scalable",
      "__class__": "FontEntry"
    },
    {
      "fname": "/usr/share/fonts/liberation-mono/LiberationMono-Bold.ttf",
      "name": "Liberation Mono",
      "style": "normal",
      "variant": "normal",
      "weight": 700,
      "stretch": "normal",
      "size": "scalable",
      "__class__": "FontEntry"
    },
    {
      "fname": "/usr/share/fonts/lohit-bengali/Lohit-Bengali.ttf",
      "name": "Lohit Bengali",
      "style": "normal",
      "variant": "normal",
      "weight": 400,
      "stretch": "normal",
      "size": "scalable",
      "__class__": "FontEntry"
    },
    {
      "fname": "/usr/share/fonts/urw-base35/NimbusRoman-Regular.otf",
      "name": "Nimbus Roman",
      "style": "normal",
      "variant": "normal",
      "weight": 400,
      "stretch": "normal",
      "size": "scalable",
      "__class__": "FontEntry"
    },
    {
      "fname": "/usr/share/fonts/julietaula-montserrat/Montserrat-SemiBoldItalic.otf",
      "name": "Montserrat",
      "style": "italic",
      "variant": "normal",
      "weight": 600,
      "stretch": "normal",
      "size": "scalable",
      "__class__": "FontEntry"
    },
    {
      "fname": "/usr/share/fonts/dejavu-sans-fonts/DejaVuSans-BoldOblique.ttf",
      "name": "DejaVu Sans",
      "style": "oblique",
      "variant": "normal",
      "weight": 700,
      "stretch": "normal",
      "size": "scalable",
      "__class__": "FontEntry"
    },
    {
      "fname": "/usr/share/fonts/google-noto/NotoSansGurmukhi-CondensedExtraBold.ttf",
      "name": "Noto Sans Gurmukhi",
      "style": "normal",
      "variant": "normal",
      "weight": 800,
      "stretch": "condensed",
      "size": "scalable",
      "__class__": "FontEntry"
    },
    {
      "fname": "/usr/share/fonts/julietaula-montserrat/Montserrat-Regular.otf",
      "name": "Montserrat",
      "style": "normal",
      "variant": "normal",
      "weight": 400,
      "stretch": "normal",
      "size": "scalable",
      "__class__": "FontEntry"
    },
    {
      "fname": "/usr/share/fonts/dejavu-serif-fonts/DejaVuSerif.ttf",
      "name": "DejaVu Serif",
      "style": "normal",
      "variant": "normal",
      "weight": 400,
      "stretch": "normal",
      "size": "scalable",
      "__class__": "FontEntry"
    },
    {
      "fname": "/usr/share/fonts/liberation-mono/LiberationMono-Italic.ttf",
      "name": "Liberation Mono",
      "style": "italic",
      "variant": "normal",
      "weight": 400,
      "stretch": "normal",
      "size": "scalable",
      "__class__": "FontEntry"
    },
    {
      "fname": "/usr/share/fonts/urw-base35/NimbusSansNarrow-Regular.otf",
      "name": "Nimbus Sans Narrow",
      "style": "normal",
      "variant": "normal",
      "weight": 400,
      "stretch": "condensed",
      "size": "scalable",
      "__class__": "FontEntry"
    },
    {
      "fname": "/usr/share/fonts/cantarell/Cantarell-Regular.otf",
      "name": "Cantarell",
      "style": "normal",
      "variant": "normal",
      "weight": 400,
      "stretch": "normal",
      "size": "scalable",
      "__class__": "FontEntry"
    },
    {
      "fname": "/usr/share/fonts/google-noto-cjk/NotoSerifCJK-Bold.ttc",
      "name": "Noto Serif CJK JP",
      "style": "normal",
      "variant": "normal",
      "weight": 700,
      "stretch": "normal",
      "size": "scalable",
      "__class__": "FontEntry"
    },
    {
      "fname": "/usr/share/fonts/urw-base35/URWBookman-Light.otf",
      "name": "URW Bookman",
      "style": "normal",
      "variant": "normal",
      "weight": 300,
      "stretch": "normal",
      "size": "scalable",
      "__class__": "FontEntry"
    },
    {
      "fname": "/usr/share/fonts/google-noto/NotoSansGurmukhi-Medium.ttf",
      "name": "Noto Sans Gurmukhi",
      "style": "normal",
      "variant": "normal",
      "weight": 500,
      "stretch": "normal",
      "size": "scalable",
      "__class__": "FontEntry"
    },
    {
      "fname": "/usr/share/fonts/dejavu-sans-fonts/DejaVuSansCondensed-Oblique.ttf",
      "name": "DejaVu Sans",
      "style": "oblique",
      "variant": "normal",
      "weight": 400,
      "stretch": "condensed",
      "size": "scalable",
      "__class__": "FontEntry"
    },
    {
      "fname": "/usr/share/fonts/google-noto/NotoSansGurmukhi-CondensedLight.ttf",
      "name": "Noto Sans Gurmukhi",
      "style": "normal",
      "variant": "normal",
      "weight": 300,
      "stretch": "condensed",
      "size": "scalable",
      "__class__": "FontEntry"
    },
    {
      "fname": "/usr/share/fonts/google-noto/NotoSansGurmukhi-SemiCondensedExtraBold.ttf",
      "name": "Noto Sans Gurmukhi",
      "style": "normal",
      "variant": "normal",
      "weight": 800,
      "stretch": "condensed",
      "size": "scalable",
      "__class__": "FontEntry"
    },
    {
      "fname": "/usr/share/fonts/liberation-sans/LiberationSans-BoldItalic.ttf",
      "name": "Liberation Sans",
      "style": "italic",
      "variant": "normal",
      "weight": 700,
      "stretch": "normal",
      "size": "scalable",
      "__class__": "FontEntry"
    },
    {
      "fname": "/usr/share/fonts/google-noto/NotoSansGurmukhi-ExtraCondensedMedium.ttf",
      "name": "Noto Sans Gurmukhi",
      "style": "normal",
      "variant": "normal",
      "weight": 500,
      "stretch": "condensed",
      "size": "scalable",
      "__class__": "FontEntry"
    },
    {
      "fname": "/usr/share/fonts/dejavu-serif-fonts/DejaVuSerifCondensed-Italic.ttf",
      "name": "DejaVu Serif",
      "style": "italic",
      "variant": "normal",
      "weight": 400,
      "stretch": "condensed",
      "size": "scalable",
      "__class__": "FontEntry"
    },
    {
      "fname": "/usr/share/fonts/urw-base35/URWGothic-DemiOblique.otf",
      "name": "URW Gothic",
      "style": "oblique",
      "variant": "normal",
      "weight": 600,
      "stretch": "normal",
      "size": "scalable",
      "__class__": "FontEntry"
    },
    {
      "fname": "/usr/share/fonts/urw-base35/NimbusSans-Regular.otf",
      "name": "Nimbus Sans",
      "style": "normal",
      "variant": "normal",
      "weight": 400,
      "stretch": "normal",
      "size": "scalable",
      "__class__": "FontEntry"
    },
    {
      "fname": "/usr/share/fonts/thai-scalable/Waree-Bold.otf",
      "name": "Waree",
      "style": "normal",
      "variant": "normal",
      "weight": 700,
      "stretch": "normal",
      "size": "scalable",
      "__class__": "FontEntry"
    },
    {
      "fname": "/usr/share/fonts/adobe-source-code-pro/SourceCodePro-ExtraLight.otf",
      "name": "Source Code Pro",
      "style": "normal",
      "variant": "normal",
      "weight": 200,
      "stretch": "normal",
      "size": "scalable",
      "__class__": "FontEntry"
    },
    {
      "fname": "/usr/share/fonts/julietaula-montserrat/Montserrat-BoldItalic.otf",
      "name": "Montserrat",
      "style": "italic",
      "variant": "normal",
      "weight": 700,
      "stretch": "normal",
      "size": "scalable",
      "__class__": "FontEntry"
    },
    {
      "fname": "/usr/share/fonts/julietaula-montserrat/Montserrat-Medium.otf",
      "name": "Montserrat",
      "style": "normal",
      "variant": "normal",
      "weight": 500,
      "stretch": "normal",
      "size": "scalable",
      "__class__": "FontEntry"
    },
    {
      "fname": "/usr/share/fonts/dejavu-serif-fonts/DejaVuSerif-Italic.ttf",
      "name": "DejaVu Serif",
      "style": "italic",
      "variant": "normal",
      "weight": 400,
      "stretch": "normal",
      "size": "scalable",
      "__class__": "FontEntry"
    },
    {
      "fname": "/usr/share/fonts/julietaula-montserrat/Montserrat-ExtraLightItalic.otf",
      "name": "Montserrat",
      "style": "italic",
      "variant": "normal",
      "weight": 275,
      "stretch": "normal",
      "size": "scalable",
      "__class__": "FontEntry"
    },
    {
      "fname": "/usr/share/fonts/google-noto/NotoSansGurmukhi-ExtraCondensedBold.ttf",
      "name": "Noto Sans Gurmukhi",
      "style": "normal",
      "variant": "normal",
      "weight": 700,
      "stretch": "condensed",
      "size": "scalable",
      "__class__": "FontEntry"
    },
    {
      "fname": "/usr/share/fonts/google-noto/NotoSansGurmukhi-CondensedMedium.ttf",
      "name": "Noto Sans Gurmukhi",
      "style": "normal",
      "variant": "normal",
      "weight": 500,
      "stretch": "condensed",
      "size": "scalable",
      "__class__": "FontEntry"
    },
    {
      "fname": "/usr/share/fonts/google-noto-vf/NotoSansSinhala-VF.ttf",
      "name": "Noto Sans Sinhala",
      "style": "normal",
      "variant": "normal",
      "weight": 400,
      "stretch": "normal",
      "size": "scalable",
      "__class__": "FontEntry"
    },
    {
      "fname": "/usr/share/fonts/urw-base35/NimbusRoman-Bold.otf",
      "name": "Nimbus Roman",
      "style": "normal",
      "variant": "normal",
      "weight": 700,
      "stretch": "normal",
      "size": "scalable",
      "__class__": "FontEntry"
    },
    {
      "fname": "/usr/share/fonts/dejavu-sans-fonts/DejaVuSans-Bold.ttf",
      "name": "DejaVu Sans",
      "style": "normal",
      "variant": "normal",
      "weight": 700,
      "stretch": "normal",
      "size": "scalable",
      "__class__": "FontEntry"
    },
    {
      "fname": "/usr/share/fonts/urw-base35/NimbusMonoPS-Regular.otf",
      "name": "Nimbus Mono PS",
      "style": "normal",
      "variant": "normal",
      "weight": 400,
      "stretch": "normal",
      "size": "scalable",
      "__class__": "FontEntry"
    },
    {
      "fname": "/usr/share/fonts/google-noto/NotoSansGurmukhi-SemiCondensedBlack.ttf",
      "name": "Noto Sans Gurmukhi",
      "style": "normal",
      "variant": "normal",
      "weight": 900,
      "stretch": "condensed",
      "size": "scalable",
      "__class__": "FontEntry"
    },
    {
      "fname": "/usr/share/fonts/lohit-gujarati/Lohit-Gujarati.ttf",
      "name": "Lohit Gujarati",
      "style": "normal",
      "variant": "normal",
      "weight": 400,
      "stretch": "normal",
      "size": "scalable",
      "__class__": "FontEntry"
    },
    {
      "fname": "/usr/share/fonts/urw-base35/C059-BdIta.otf",
      "name": "C059",
      "style": "italic",
      "variant": "normal",
      "weight": 700,
      "stretch": "normal",
      "size": "scalable",
      "__class__": "FontEntry"
    },
    {
      "fname": "/usr/share/fonts/lohit-telugu/Lohit-Telugu.ttf",
      "name": "Lohit Telugu",
      "style": "normal",
      "variant": "normal",
      "weight": 400,
      "stretch": "normal",
      "size": "scalable",
      "__class__": "FontEntry"
    },
    {
      "fname": "/usr/share/fonts/google-droid-sans-fonts/DroidSansFallbackFull.ttf",
      "name": "Droid Sans Fallback",
      "style": "normal",
      "variant": "normal",
      "weight": 400,
      "stretch": "normal",
      "size": "scalable",
      "__class__": "FontEntry"
    },
    {
      "fname": "/usr/share/fonts/adobe-source-code-pro/SourceCodePro-MediumIt.otf",
      "name": "Source Code Pro",
      "style": "italic",
      "variant": "normal",
      "weight": 500,
      "stretch": "normal",
      "size": "scalable",
      "__class__": "FontEntry"
    },
    {
      "fname": "/usr/share/fonts/pt-sans-fonts/PTC55F.ttf",
      "name": "PT Sans Caption",
      "style": "normal",
      "variant": "normal",
      "weight": 400,
      "stretch": "normal",
      "size": "scalable",
      "__class__": "FontEntry"
    },
    {
      "fname": "/usr/share/fonts/liberation-serif/LiberationSerif-Bold.ttf",
      "name": "Liberation Serif",
      "style": "normal",
      "variant": "normal",
      "weight": 700,
      "stretch": "normal",
      "size": "scalable",
      "__class__": "FontEntry"
    },
    {
      "fname": "/usr/share/fonts/liberation-serif/LiberationSerif-Regular.ttf",
      "name": "Liberation Serif",
      "style": "normal",
      "variant": "normal",
      "weight": 400,
      "stretch": "normal",
      "size": "scalable",
      "__class__": "FontEntry"
    },
    {
      "fname": "/usr/share/fonts/dejavu-serif-fonts/DejaVuMathTeXGyre.ttf",
      "name": "DejaVu Math TeX Gyre",
      "style": "normal",
      "variant": "normal",
      "weight": 400,
      "stretch": "normal",
      "size": "scalable",
      "__class__": "FontEntry"
    },
    {
      "fname": "/usr/share/fonts/urw-base35/NimbusMonoPS-Bold.otf",
      "name": "Nimbus Mono PS",
      "style": "normal",
      "variant": "normal",
      "weight": 700,
      "stretch": "normal",
      "size": "scalable",
      "__class__": "FontEntry"
    },
    {
      "fname": "/usr/share/fonts/paktype-naskh-basic/PakTypeNaskhBasic.ttf",
      "name": "PakType Naskh Basic",
      "style": "normal",
      "variant": "normal",
      "weight": 400,
      "stretch": "normal",
      "size": "scalable",
      "__class__": "FontEntry"
    },
    {
      "fname": "/usr/share/fonts/liberation-serif/LiberationSerif-BoldItalic.ttf",
      "name": "Liberation Serif",
      "style": "italic",
      "variant": "normal",
      "weight": 700,
      "stretch": "normal",
      "size": "scalable",
      "__class__": "FontEntry"
    },
    {
      "fname": "/usr/share/fonts/cantarell/Cantarell-Bold.otf",
      "name": "Cantarell",
      "style": "normal",
      "variant": "normal",
      "weight": 700,
      "stretch": "normal",
      "size": "scalable",
      "__class__": "FontEntry"
    },
    {
      "fname": "/usr/share/fonts/google-noto-cjk/NotoSerifCJK-Black.ttc",
      "name": "Noto Serif CJK JP",
      "style": "normal",
      "variant": "normal",
      "weight": 900,
      "stretch": "normal",
      "size": "scalable",
      "__class__": "FontEntry"
    },
    {
      "fname": "/usr/share/fonts/adobe-source-code-pro/SourceCodePro-BlackIt.otf",
      "name": "Source Code Pro",
      "style": "italic",
      "variant": "normal",
      "weight": 900,
      "stretch": "normal",
      "size": "scalable",
      "__class__": "FontEntry"
    },
    {
      "fname": "/usr/share/fonts/google-noto/NotoSansGurmukhi-SemiCondensedThin.ttf",
      "name": "Noto Sans Gurmukhi",
      "style": "normal",
      "variant": "normal",
      "weight": 100,
      "stretch": "condensed",
      "size": "scalable",
      "__class__": "FontEntry"
    },
    {
      "fname": "/usr/share/fonts/julietaula-montserrat/Montserrat-ExtraBoldItalic.otf",
      "name": "Montserrat",
      "style": "italic",
      "variant": "normal",
      "weight": 800,
      "stretch": "normal",
      "size": "scalable",
      "__class__": "FontEntry"
    },
    {
      "fname": "/usr/share/fonts/dejavu-sans-mono-fonts/DejaVuSansMono-BoldOblique.ttf",
      "name": "DejaVu Sans Mono",
      "style": "oblique",
      "variant": "normal",
      "weight": 700,
      "stretch": "normal",
      "size": "scalable",
      "__class__": "FontEntry"
    },
    {
      "fname": "/usr/share/fonts/google-noto-cjk/NotoSansCJK-Black.ttc",
      "name": "Noto Sans CJK JP",
      "style": "normal",
      "variant": "normal",
      "weight": 900,
      "stretch": "normal",
      "size": "scalable",
      "__class__": "FontEntry"
    },
    {
      "fname": "/usr/share/fonts/urw-base35/C059-Roman.otf",
      "name": "C059",
      "style": "normal",
      "variant": "normal",
      "weight": 400,
      "stretch": "normal",
      "size": "scalable",
      "__class__": "FontEntry"
    },
    {
      "fname": "/usr/share/fonts/google-noto/NotoSansGurmukhi-ExtraCondensedExtraBold.ttf",
      "name": "Noto Sans Gurmukhi",
      "style": "normal",
      "variant": "normal",
      "weight": 800,
      "stretch": "condensed",
      "size": "scalable",
      "__class__": "FontEntry"
    },
    {
      "fname": "/usr/share/fonts/urw-base35/NimbusMonoPS-BoldItalic.otf",
      "name": "Nimbus Mono PS",
      "style": "italic",
      "variant": "normal",
      "weight": 700,
      "stretch": "normal",
      "size": "scalable",
      "__class__": "FontEntry"
    },
    {
      "fname": "/usr/share/fonts/dejavu-serif-fonts/DejaVuSerifCondensed-BoldItalic.ttf",
      "name": "DejaVu Serif",
      "style": "italic",
      "variant": "normal",
      "weight": 700,
      "stretch": "condensed",
      "size": "scalable",
      "__class__": "FontEntry"
    },
    {
      "fname": "/usr/share/fonts/google-droid-sans-fonts/DroidKufi-Regular.ttf",
      "name": "Droid Arabic Kufi",
      "style": "normal",
      "variant": "normal",
      "weight": 400,
      "stretch": "normal",
      "size": "scalable",
      "__class__": "FontEntry"
    },
    {
      "fname": "/usr/share/fonts/lohit-odia/Lohit-Odia.ttf",
      "name": "Lohit Odia",
      "style": "normal",
      "variant": "normal",
      "weight": 400,
      "stretch": "normal",
      "size": "scalable",
      "__class__": "FontEntry"
    },
    {
      "fname": "/usr/share/fonts/julietaula-montserrat/Montserrat-Italic.otf",
      "name": "Montserrat",
      "style": "italic",
      "variant": "normal",
      "weight": 400,
      "stretch": "normal",
      "size": "scalable",
      "__class__": "FontEntry"
    },
    {
      "fname": "/usr/share/fonts/pt-sans-fonts/PTC75F.ttf",
      "name": "PT Sans Caption",
      "style": "normal",
      "variant": "normal",
      "weight": 700,
      "stretch": "normal",
      "size": "scalable",
      "__class__": "FontEntry"
    },
    {
      "fname": "/usr/share/fonts/google-noto/NotoSansGurmukhi-ExtraBold.ttf",
      "name": "Noto Sans Gurmukhi",
      "style": "normal",
      "variant": "normal",
      "weight": 800,
      "stretch": "normal",
      "size": "scalable",
      "__class__": "FontEntry"
    },
    {
      "fname": "/usr/share/fonts/google-noto/NotoSansGurmukhi-ExtraCondensedBlack.ttf",
      "name": "Noto Sans Gurmukhi",
      "style": "normal",
      "variant": "normal",
      "weight": 900,
      "stretch": "condensed",
      "size": "scalable",
      "__class__": "FontEntry"
    },
    {
      "fname": "/usr/share/fonts/google-droid-sans-fonts/DroidSansArmenian.ttf",
      "name": "Droid Sans Armenian",
      "style": "normal",
      "variant": "normal",
      "weight": 400,
      "stretch": "normal",
      "size": "scalable",
      "__class__": "FontEntry"
    },
    {
      "fname": "/usr/share/fonts/google-droid-sans-fonts/DroidKufi-Bold.ttf",
      "name": "Droid Arabic Kufi",
      "style": "normal",
      "variant": "normal",
      "weight": 700,
      "stretch": "normal",
      "size": "scalable",
      "__class__": "FontEntry"
    },
    {
      "fname": "/usr/share/fonts/google-noto/NotoSansGurmukhi-ExtraCondensedLight.ttf",
      "name": "Noto Sans Gurmukhi",
      "style": "normal",
      "variant": "normal",
      "weight": 300,
      "stretch": "condensed",
      "size": "scalable",
      "__class__": "FontEntry"
    },
    {
      "fname": "/usr/share/fonts/julietaula-montserrat/Montserrat-SemiBold.otf",
      "name": "Montserrat",
      "style": "normal",
      "variant": "normal",
      "weight": 600,
      "stretch": "normal",
      "size": "scalable",
      "__class__": "FontEntry"
    },
    {
      "fname": "/usr/share/fonts/stix-fonts/STIX2Text-Bold.otf",
      "name": "STIX Two Text",
      "style": "normal",
      "variant": "normal",
      "weight": 700,
      "stretch": "normal",
      "size": "scalable",
      "__class__": "FontEntry"
    },
    {
      "fname": "/usr/share/fonts/urw-base35/NimbusSans-Italic.otf",
      "name": "Nimbus Sans",
      "style": "italic",
      "variant": "normal",
      "weight": 400,
      "stretch": "normal",
      "size": "scalable",
      "__class__": "FontEntry"
    },
    {
      "fname": "/usr/share/fonts/adobe-source-code-pro/SourceCodePro-BoldIt.otf",
      "name": "Source Code Pro",
      "style": "italic",
      "variant": "normal",
      "weight": 700,
      "stretch": "normal",
      "size": "scalable",
      "__class__": "FontEntry"
    },
    {
      "fname": "/usr/share/fonts/julietaula-montserrat/Montserrat-Black.otf",
      "name": "Montserrat",
      "style": "normal",
      "variant": "normal",
      "weight": 900,
      "stretch": "normal",
      "size": "scalable",
      "__class__": "FontEntry"
    },
    {
      "fname": "/usr/share/fonts/julietaula-montserrat/Montserrat-ExtraBold.otf",
      "name": "Montserrat",
      "style": "normal",
      "variant": "normal",
      "weight": 800,
      "stretch": "normal",
      "size": "scalable",
      "__class__": "FontEntry"
    },
    {
      "fname": "/usr/share/fonts/liberation-serif/LiberationSerif-Italic.ttf",
      "name": "Liberation Serif",
      "style": "italic",
      "variant": "normal",
      "weight": 400,
      "stretch": "normal",
      "size": "scalable",
      "__class__": "FontEntry"
    },
    {
      "fname": "/usr/share/fonts/google-noto-cjk/NotoSerifCJK-Medium.ttc",
      "name": "Noto Serif CJK JP",
      "style": "normal",
      "variant": "normal",
      "weight": 500,
      "stretch": "normal",
      "size": "scalable",
      "__class__": "FontEntry"
    },
    {
      "fname": "/usr/share/fonts/google-droid-sans-fonts/DroidSansGeorgian.ttf",
      "name": "Droid Sans Georgian",
      "style": "normal",
      "variant": "normal",
      "weight": 400,
      "stretch": "normal",
      "size": "scalable",
      "__class__": "FontEntry"
    },
    {
      "fname": "/usr/share/fonts/dejavu-sans-mono-fonts/DejaVuSansMono.ttf",
      "name": "DejaVu Sans Mono",
      "style": "normal",
      "variant": "normal",
      "weight": 400,
      "stretch": "normal",
      "size": "scalable",
      "__class__": "FontEntry"
    },
    {
      "fname": "/usr/share/fonts/google-noto/NotoSansGurmukhi-ExtraCondensedThin.ttf",
      "name": "Noto Sans Gurmukhi",
      "style": "normal",
      "variant": "normal",
      "weight": 100,
      "stretch": "condensed",
      "size": "scalable",
      "__class__": "FontEntry"
    },
    {
      "fname": "/usr/share/fonts/urw-base35/URWGothic-Demi.otf",
      "name": "URW Gothic",
      "style": "normal",
      "variant": "normal",
      "weight": 600,
      "stretch": "normal",
      "size": "scalable",
      "__class__": "FontEntry"
    },
    {
      "fname": "/usr/share/fonts/dejavu-serif-fonts/DejaVuSerifCondensed.ttf",
      "name": "DejaVu Serif",
      "style": "normal",
      "variant": "normal",
      "weight": 400,
      "stretch": "condensed",
      "size": "scalable",
      "__class__": "FontEntry"
    },
    {
      "fname": "/usr/share/fonts/google-droid-sans-fonts/DroidSans-Bold.ttf",
      "name": "Droid Sans",
      "style": "normal",
      "variant": "normal",
      "weight": 700,
      "stretch": "normal",
      "size": "scalable",
      "__class__": "FontEntry"
    },
    {
      "fname": "/usr/share/fonts/google-noto/NotoSansGurmukhi-SemiCondensedSemiBold.ttf",
      "name": "Noto Sans Gurmukhi",
      "style": "normal",
      "variant": "normal",
      "weight": 600,
      "stretch": "condensed",
      "size": "scalable",
      "__class__": "FontEntry"
    },
    {
      "fname": "/usr/share/fonts/dejavu-sans-fonts/DejaVuSansCondensed.ttf",
      "name": "DejaVu Sans",
      "style": "normal",
      "variant": "normal",
      "weight": 400,
      "stretch": "condensed",
      "size": "scalable",
      "__class__": "FontEntry"
    },
    {
      "fname": "/usr/share/fonts/urw-base35/NimbusRoman-BoldItalic.otf",
      "name": "Nimbus Roman",
      "style": "italic",
      "variant": "normal",
      "weight": 700,
      "stretch": "normal",
      "size": "scalable",
      "__class__": "FontEntry"
    },
    {
      "fname": "/usr/share/fonts/google-noto/NotoSansGurmukhi-CondensedThin.ttf",
      "name": "Noto Sans Gurmukhi",
      "style": "normal",
      "variant": "normal",
      "weight": 100,
      "stretch": "condensed",
      "size": "scalable",
      "__class__": "FontEntry"
    },
    {
      "fname": "/usr/share/fonts/google-noto/NotoSansGurmukhi-ExtraLight.ttf",
      "name": "Noto Sans Gurmukhi",
      "style": "normal",
      "variant": "normal",
      "weight": 200,
      "stretch": "normal",
      "size": "scalable",
      "__class__": "FontEntry"
    },
    {
      "fname": "/usr/share/fonts/google-noto-cjk/NotoSerifCJK-ExtraLight.ttc",
      "name": "Noto Serif CJK JP",
      "style": "normal",
      "variant": "normal",
      "weight": 200,
      "stretch": "normal",
      "size": "scalable",
      "__class__": "FontEntry"
    },
    {
      "fname": "/usr/share/fonts/julietaula-montserrat/Montserrat-ExtraLight.otf",
      "name": "Montserrat",
      "style": "normal",
      "variant": "normal",
      "weight": 275,
      "stretch": "normal",
      "size": "scalable",
      "__class__": "FontEntry"
    },
    {
      "fname": "/usr/share/fonts/google-noto-cjk/NotoSansCJK-Bold.ttc",
      "name": "Noto Sans CJK JP",
      "style": "normal",
      "variant": "normal",
      "weight": 700,
      "stretch": "normal",
      "size": "scalable",
      "__class__": "FontEntry"
    },
    {
      "fname": "/usr/share/fonts/dejavu-sans-fonts/DejaVuSans-ExtraLight.ttf",
      "name": "DejaVu Sans",
      "style": "normal",
      "variant": "normal",
      "weight": 200,
      "stretch": "normal",
      "size": "scalable",
      "__class__": "FontEntry"
    },
    {
      "fname": "/usr/share/fonts/adobe-source-code-pro/SourceCodePro-Regular.otf",
      "name": "Source Code Pro",
      "style": "normal",
      "variant": "normal",
      "weight": 400,
      "stretch": "normal",
      "size": "scalable",
      "__class__": "FontEntry"
    },
    {
      "fname": "/usr/share/fonts/thai-scalable/Waree-Oblique.otf",
      "name": "Waree",
      "style": "oblique",
      "variant": "normal",
      "weight": 400,
      "stretch": "normal",
      "size": "scalable",
      "__class__": "FontEntry"
    },
    {
      "fname": "/usr/share/fonts/urw-base35/NimbusSans-Bold.otf",
      "name": "Nimbus Sans",
      "style": "normal",
      "variant": "normal",
      "weight": 700,
      "stretch": "normal",
      "size": "scalable",
      "__class__": "FontEntry"
    },
    {
      "fname": "/usr/share/fonts/stix-fonts/STIX2Text-Regular.otf",
      "name": "STIX Two Text",
      "style": "normal",
      "variant": "normal",
      "weight": 400,
      "stretch": "normal",
      "size": "scalable",
      "__class__": "FontEntry"
    },
    {
      "fname": "/usr/share/fonts/google-noto/NotoSansGurmukhi-SemiCondensedBold.ttf",
      "name": "Noto Sans Gurmukhi",
      "style": "normal",
      "variant": "normal",
      "weight": 700,
      "stretch": "condensed",
      "size": "scalable",
      "__class__": "FontEntry"
    },
    {
      "fname": "/usr/share/fonts/google-noto/NotoSansGurmukhi-SemiCondensedMedium.ttf",
      "name": "Noto Sans Gurmukhi",
      "style": "normal",
      "variant": "normal",
      "weight": 500,
      "stretch": "condensed",
      "size": "scalable",
      "__class__": "FontEntry"
    },
    {
      "fname": "/usr/share/fonts/liberation-mono/LiberationMono-Regular.ttf",
      "name": "Liberation Mono",
      "style": "normal",
      "variant": "normal",
      "weight": 400,
      "stretch": "normal",
      "size": "scalable",
      "__class__": "FontEntry"
    },
    {
      "fname": "/usr/share/fonts/julietaula-montserrat/Montserrat-LightItalic.otf",
      "name": "Montserrat",
      "style": "italic",
      "variant": "normal",
      "weight": 300,
      "stretch": "normal",
      "size": "scalable",
      "__class__": "FontEntry"
    },
    {
      "fname": "/usr/share/fonts/lohit-assamese/Lohit-Assamese.ttf",
      "name": "Lohit Assamese",
      "style": "normal",
      "variant": "normal",
      "weight": 400,
      "stretch": "normal",
      "size": "scalable",
      "__class__": "FontEntry"
    },
    {
      "fname": "/usr/share/fonts/google-droid-sans-fonts/DroidSans.ttf",
      "name": "Droid Sans",
      "style": "normal",
      "variant": "normal",
      "weight": 400,
      "stretch": "normal",
      "size": "scalable",
      "__class__": "FontEntry"
    },
    {
      "fname": "/usr/share/fonts/google-noto/NotoSansGurmukhi-ExtraCondensedExtraLight.ttf",
      "name": "Noto Sans Gurmukhi",
      "style": "normal",
      "variant": "normal",
      "weight": 200,
      "stretch": "condensed",
      "size": "scalable",
      "__class__": "FontEntry"
    },
    {
      "fname": "/usr/share/fonts/adobe-source-code-pro/SourceCodePro-LightIt.otf",
      "name": "Source Code Pro",
      "style": "italic",
      "variant": "normal",
      "weight": 300,
      "stretch": "normal",
      "size": "scalable",
      "__class__": "FontEntry"
    },
    {
      "fname": "/usr/share/fonts/google-noto-cjk/NotoSansCJK-Thin.ttc",
      "name": "Noto Sans CJK JP",
      "style": "normal",
      "variant": "normal",
      "weight": 100,
      "stretch": "normal",
      "size": "scalable",
      "__class__": "FontEntry"
    },
    {
      "fname": "/usr/share/fonts/liberation-mono/LiberationMono-BoldItalic.ttf",
      "name": "Liberation Mono",
      "style": "italic",
      "variant": "normal",
      "weight": 700,
      "stretch": "normal",
      "size": "scalable",
      "__class__": "FontEntry"
    },
    {
      "fname": "/usr/share/fonts/google-noto-cjk/NotoSansCJK-DemiLight.ttc",
      "name": "Noto Sans CJK JP",
      "style": "normal",
      "variant": "normal",
      "weight": 350,
      "stretch": "normal",
      "size": "scalable",
      "__class__": "FontEntry"
    },
    {
      "fname": "/usr/share/fonts/pt-sans-fonts/PTS76F.ttf",
      "name": "PT Sans",
      "style": "italic",
      "variant": "normal",
      "weight": 700,
      "stretch": "normal",
      "size": "scalable",
      "__class__": "FontEntry"
    },
    {
      "fname": "/usr/share/fonts/lohit-devanagari/Lohit-Devanagari.ttf",
      "name": "Lohit Devanagari",
      "style": "normal",
      "variant": "normal",
      "weight": 400,
      "stretch": "normal",
      "size": "scalable",
      "__class__": "FontEntry"
    },
    {
      "fname": "/usr/share/fonts/pt-sans-fonts/PTN57F.ttf",
      "name": "PT Sans Narrow",
      "style": "normal",
      "variant": "normal",
      "weight": 400,
      "stretch": "condensed",
      "size": "scalable",
      "__class__": "FontEntry"
    },
    {
      "fname": "/usr/share/fonts/google-noto/NotoSansGurmukhi-CondensedExtraLight.ttf",
      "name": "Noto Sans Gurmukhi",
      "style": "normal",
      "variant": "normal",
      "weight": 200,
      "stretch": "condensed",
      "size": "scalable",
      "__class__": "FontEntry"
    },
    {
      "fname": "/usr/share/fonts/google-droid-sans-fonts/DroidSansJapanese.ttf",
      "name": "Droid Sans Japanese",
      "style": "normal",
      "variant": "normal",
      "weight": 400,
      "stretch": "normal",
      "size": "scalable",
      "__class__": "FontEntry"
    },
    {
      "fname": "/usr/share/fonts/google-noto/NotoSansGurmukhi-SemiBold.ttf",
      "name": "Noto Sans Gurmukhi",
      "style": "normal",
      "variant": "normal",
      "weight": 600,
      "stretch": "normal",
      "size": "scalable",
      "__class__": "FontEntry"
    },
    {
      "fname": "/usr/share/fonts/google-noto/NotoSansGurmukhi-SemiCondensed.ttf",
      "name": "Noto Sans Gurmukhi",
      "style": "normal",
      "variant": "normal",
      "weight": 400,
      "stretch": "condensed",
      "size": "scalable",
      "__class__": "FontEntry"
    },
    {
      "fname": "/usr/share/fonts/thai-scalable/Waree-BoldOblique.otf",
      "name": "Waree",
      "style": "oblique",
      "variant": "normal",
      "weight": 700,
      "stretch": "normal",
      "size": "scalable",
      "__class__": "FontEntry"
    },
    {
      "fname": "/usr/share/fonts/google-droid-sans-fonts/DroidSansEthiopic-Regular.ttf",
      "name": "Droid Sans Ethiopic",
      "style": "normal",
      "variant": "normal",
      "weight": 400,
      "stretch": "normal",
      "size": "scalable",
      "__class__": "FontEntry"
    },
    {
      "fname": "/usr/share/fonts/liberation-sans/LiberationSans-Italic.ttf",
      "name": "Liberation Sans",
      "style": "italic",
      "variant": "normal",
      "weight": 400,
      "stretch": "normal",
      "size": "scalable",
      "__class__": "FontEntry"
    },
    {
      "fname": "/usr/share/fonts/google-noto-cjk/NotoSerifCJK-SemiBold.ttc",
      "name": "Noto Serif CJK JP",
      "style": "normal",
      "variant": "normal",
      "weight": 600,
      "stretch": "normal",
      "size": "scalable",
      "__class__": "FontEntry"
    },
    {
      "fname": "/usr/share/fonts/urw-base35/P052-Bold.otf",
      "name": "P052",
      "style": "normal",
      "variant": "normal",
      "weight": 700,
      "stretch": "normal",
      "size": "scalable",
      "__class__": "FontEntry"
    },
    {
      "fname": "/usr/share/fonts/adobe-source-code-pro/SourceCodePro-Bold.otf",
      "name": "Source Code Pro",
      "style": "normal",
      "variant": "normal",
      "weight": 700,
      "stretch": "normal",
      "size": "scalable",
      "__class__": "FontEntry"
    },
    {
      "fname": "/usr/share/fonts/google-noto/NotoSansGurmukhi-CondensedBlack.ttf",
      "name": "Noto Sans Gurmukhi",
      "style": "normal",
      "variant": "normal",
      "weight": 900,
      "stretch": "condensed",
      "size": "scalable",
      "__class__": "FontEntry"
    },
    {
      "fname": "/usr/share/fonts/urw-base35/NimbusSansNarrow-Oblique.otf",
      "name": "Nimbus Sans Narrow",
      "style": "oblique",
      "variant": "normal",
      "weight": 400,
      "stretch": "condensed",
      "size": "scalable",
      "__class__": "FontEntry"
    },
    {
      "fname": "/usr/share/fonts/stix-fonts/STIX2Math.otf",
      "name": "STIX Two Math",
      "style": "normal",
      "variant": "normal",
      "weight": 400,
      "stretch": "normal",
      "size": "scalable",
      "__class__": "FontEntry"
    },
    {
      "fname": "/usr/share/fonts/dejavu-sans-fonts/DejaVuSans.ttf",
      "name": "DejaVu Sans",
      "style": "normal",
      "variant": "normal",
      "weight": 400,
      "stretch": "normal",
      "size": "scalable",
      "__class__": "FontEntry"
    },
    {
      "fname": "/usr/share/fonts/google-noto/NotoSansGurmukhi-ExtraCondensedSemiBold.ttf",
      "name": "Noto Sans Gurmukhi",
      "style": "normal",
      "variant": "normal",
      "weight": 600,
      "stretch": "condensed",
      "size": "scalable",
      "__class__": "FontEntry"
    },
    {
      "fname": "/usr/share/fonts/adobe-source-code-pro/SourceCodePro-Light.otf",
      "name": "Source Code Pro",
      "style": "normal",
      "variant": "normal",
      "weight": 300,
      "stretch": "normal",
      "size": "scalable",
      "__class__": "FontEntry"
    },
    {
      "fname": "/usr/share/fonts/julietaula-montserrat/Montserrat-Thin.otf",
      "name": "Montserrat",
      "style": "normal",
      "variant": "normal",
      "weight": 100,
      "stretch": "normal",
      "size": "scalable",
      "__class__": "FontEntry"
    },
    {
      "fname": "/usr/share/fonts/smc-meera/Meera-Regular.ttf",
      "name": "Meera",
      "style": "normal",
      "variant": "normal",
      "weight": 400,
      "stretch": "normal",
      "size": "scalable",
      "__class__": "FontEntry"
    },
    {
      "fname": "/usr/share/fonts/urw-base35/P052-BoldItalic.otf",
      "name": "P052",
      "style": "italic",
      "variant": "normal",
      "weight": 700,
      "stretch": "normal",
      "size": "scalable",
      "__class__": "FontEntry"
    },
    {
      "fname": "/usr/share/fonts/adobe-source-code-pro/SourceCodePro-Semibold.otf",
      "name": "Source Code Pro",
      "style": "normal",
      "variant": "normal",
      "weight": 600,
      "stretch": "normal",
      "size": "scalable",
      "__class__": "FontEntry"
    },
    {
      "fname": "/usr/share/fonts/lohit-tamil/Lohit-Tamil.ttf",
      "name": "Lohit Tamil",
      "style": "normal",
      "variant": "normal",
      "weight": 400,
      "stretch": "normal",
      "size": "scalable",
      "__class__": "FontEntry"
    },
    {
      "fname": "/usr/share/fonts/google-noto-cjk/NotoSerifCJK-Regular.ttc",
      "name": "Noto Serif CJK JP",
      "style": "normal",
      "variant": "normal",
      "weight": 400,
      "stretch": "normal",
      "size": "scalable",
      "__class__": "FontEntry"
    },
    {
      "fname": "/usr/share/fonts/urw-base35/C059-Bold.otf",
      "name": "C059",
      "style": "normal",
      "variant": "normal",
      "weight": 700,
      "stretch": "normal",
      "size": "scalable",
      "__class__": "FontEntry"
    },
    {
      "fname": "/usr/share/fonts/jomolhari-fonts/Jomolhari-alpha3c-0605331.ttf",
      "name": "Jomolhari",
      "style": "normal",
      "variant": "normal",
      "weight": 400,
      "stretch": "normal",
      "size": "scalable",
      "__class__": "FontEntry"
    },
    {
      "fname": "/usr/share/fonts/cantarell/Cantarell-Light.otf",
      "name": "Cantarell",
      "style": "normal",
      "variant": "normal",
      "weight": 300,
      "stretch": "normal",
      "size": "scalable",
      "__class__": "FontEntry"
    },
    {
      "fname": "/usr/share/fonts/dejavu-sans-fonts/DejaVuSans-Oblique.ttf",
      "name": "DejaVu Sans",
      "style": "oblique",
      "variant": "normal",
      "weight": 400,
      "stretch": "normal",
      "size": "scalable",
      "__class__": "FontEntry"
    },
    {
      "fname": "/usr/share/fonts/adobe-source-code-pro/SourceCodePro-SemiboldIt.otf",
      "name": "Source Code Pro",
      "style": "italic",
      "variant": "normal",
      "weight": 600,
      "stretch": "normal",
      "size": "scalable",
      "__class__": "FontEntry"
    },
    {
      "fname": "/usr/share/fonts/julietaula-montserrat/Montserrat-Light.otf",
      "name": "Montserrat",
      "style": "normal",
      "variant": "normal",
      "weight": 300,
      "stretch": "normal",
      "size": "scalable",
      "__class__": "FontEntry"
    },
    {
      "fname": "/usr/share/fonts/urw-base35/URWGothic-BookOblique.otf",
      "name": "URW Gothic",
      "style": "oblique",
      "variant": "normal",
      "weight": 400,
      "stretch": "normal",
      "size": "scalable",
      "__class__": "FontEntry"
    },
    {
      "fname": "/usr/share/fonts/urw-base35/NimbusSans-BoldItalic.otf",
      "name": "Nimbus Sans",
      "style": "italic",
      "variant": "normal",
      "weight": 700,
      "stretch": "normal",
      "size": "scalable",
      "__class__": "FontEntry"
    },
    {
      "fname": "/usr/share/fonts/google-droid-sans-fonts/DroidSansThai.ttf",
      "name": "Droid Sans Thai",
      "style": "normal",
      "variant": "normal",
      "weight": 400,
      "stretch": "normal",
      "size": "scalable",
      "__class__": "FontEntry"
    },
    {
      "fname": "/usr/share/fonts/urw-base35/D050000L.otf",
      "name": "D050000L",
      "style": "normal",
      "variant": "normal",
      "weight": 400,
      "stretch": "normal",
      "size": "scalable",
      "__class__": "FontEntry"
    },
    {
      "fname": "/usr/share/fonts/khmer-os-system-fonts/KhmerOS_sys.ttf",
      "name": "Khmer OS System",
      "style": "normal",
      "variant": "normal",
      "weight": 400,
      "stretch": "normal",
      "size": "scalable",
      "__class__": "FontEntry"
    },
    {
      "fname": "/usr/share/fonts/liberation-sans/LiberationSans-Regular.ttf",
      "name": "Liberation Sans",
      "style": "normal",
      "variant": "normal",
      "weight": 400,
      "stretch": "normal",
      "size": "scalable",
      "__class__": "FontEntry"
    },
    {
      "fname": "/usr/share/fonts/julietaula-montserrat/Montserrat-MediumItalic.otf",
      "name": "Montserrat",
      "style": "italic",
      "variant": "normal",
      "weight": 500,
      "stretch": "normal",
      "size": "scalable",
      "__class__": "FontEntry"
    },
    {
      "fname": "/usr/share/fonts/urw-base35/URWGothic-Book.otf",
      "name": "URW Gothic",
      "style": "normal",
      "variant": "normal",
      "weight": 400,
      "stretch": "normal",
      "size": "scalable",
      "__class__": "FontEntry"
    },
    {
      "fname": "/usr/share/fonts/google-noto/NotoSansGurmukhi-Thin.ttf",
      "name": "Noto Sans Gurmukhi",
      "style": "normal",
      "variant": "normal",
      "weight": 100,
      "stretch": "normal",
      "size": "scalable",
      "__class__": "FontEntry"
    },
    {
      "fname": "/usr/share/fonts/julietaula-montserrat/Montserrat-ThinItalic.otf",
      "name": "Montserrat",
      "style": "italic",
      "variant": "normal",
      "weight": 100,
      "stretch": "normal",
      "size": "scalable",
      "__class__": "FontEntry"
    },
    {
      "fname": "/usr/share/fonts/pt-sans-fonts/PTS56F.ttf",
      "name": "PT Sans",
      "style": "italic",
      "variant": "normal",
      "weight": 400,
      "stretch": "normal",
      "size": "scalable",
      "__class__": "FontEntry"
    },
    {
      "fname": "/usr/share/fonts/google-noto/NotoSansGurmukhi-Bold.ttf",
      "name": "Noto Sans Gurmukhi",
      "style": "normal",
      "variant": "normal",
      "weight": 700,
      "stretch": "normal",
      "size": "scalable",
      "__class__": "FontEntry"
    },
    {
      "fname": "/usr/share/fonts/stix-fonts/STIX2Text-Italic.otf",
      "name": "STIX Two Text",
      "style": "italic",
      "variant": "normal",
      "weight": 400,
      "stretch": "normal",
      "size": "scalable",
      "__class__": "FontEntry"
    },
    {
      "fname": "/usr/share/fonts/pt-sans-fonts/PTS55F.ttf",
      "name": "PT Sans",
      "style": "normal",
      "variant": "normal",
      "weight": 400,
      "stretch": "normal",
      "size": "scalable",
      "__class__": "FontEntry"
    },
    {
      "fname": "/usr/share/fonts/google-noto/NotoSansGurmukhi-Regular.ttf",
      "name": "Noto Sans Gurmukhi",
      "style": "normal",
      "variant": "normal",
      "weight": 400,
      "stretch": "normal",
      "size": "scalable",
      "__class__": "FontEntry"
    },
    {
      "fname": "/usr/share/fonts/urw-base35/URWBookman-Demi.otf",
      "name": "URW Bookman",
      "style": "normal",
      "variant": "normal",
      "weight": 600,
      "stretch": "normal",
      "size": "scalable",
      "__class__": "FontEntry"
    },
    {
      "fname": "/usr/share/fonts/urw-base35/URWBookman-DemiItalic.otf",
      "name": "URW Bookman",
      "style": "italic",
      "variant": "normal",
      "weight": 600,
      "stretch": "normal",
      "size": "scalable",
      "__class__": "FontEntry"
    },
    {
      "fname": "/usr/share/fonts/google-noto/NotoSansGurmukhi-CondensedBold.ttf",
      "name": "Noto Sans Gurmukhi",
      "style": "normal",
      "variant": "normal",
      "weight": 700,
      "stretch": "condensed",
      "size": "scalable",
      "__class__": "FontEntry"
    },
    {
      "fname": "/usr/share/fonts/julietaula-montserrat/Montserrat-Bold.otf",
      "name": "Montserrat",
      "style": "normal",
      "variant": "normal",
      "weight": 700,
      "stretch": "normal",
      "size": "scalable",
      "__class__": "FontEntry"
    },
    {
      "fname": "/usr/share/fonts/thai-scalable/Waree.otf",
      "name": "Waree",
      "style": "normal",
      "variant": "normal",
      "weight": 400,
      "stretch": "normal",
      "size": "scalable",
      "__class__": "FontEntry"
    },
    {
      "fname": "/usr/share/fonts/urw-base35/P052-Roman.otf",
      "name": "P052",
      "style": "normal",
      "variant": "normal",
      "weight": 400,
      "stretch": "normal",
      "size": "scalable",
      "__class__": "FontEntry"
    }
  ],
  "__class__": "FontManager"
}